,almanca,turkce
0,die Manie,takıntı
1,das Navigationssystem,"GPS, navigasyon sistemi"
2,die Sucht,bağımlılık
3,jemandem Aufmerksamkeit schenken,birine dikkatini vermek
4,die Albernheit,"aptallık, saçmalık (a.)"
5,die Beschleunigung,hızlanma (b.)
6,die Glosse,polemik yorum (g.)
7,der Held,"kahraman, şampiyon (erkek)"
8,die Heldin,"kahraman, şampiyon (bayan)"
9,die Kolumne,"sütun, op-ed"
10,die Nahrungsaufnahme,besin alımı
11,die Rastlosigkeit,huzursuzluk
12,die Reduktion,"azalma, azaltma"
13,die Suchmaschine,arama motoru
14,beeinträchtigen,"bozmak, zayıflatmak"
15,benötigen,"talep etmek, ihtiyaç duymak, eksik olmak (b.)"
16,kraulen,"okşamak, gıdıklamak (k.)"
17,reflektieren,yansıtmak
18,sich widersetzen,"bir şeye karşı durmak, meydan okumak"
19,zur Kenntnis nehmen,"not almak, dikkat etmek"
20,die Segel streichen,"yelkenleri suya indirmek, bırakmak"
21,sich einer Sache entscheiden,karar vermek
22,analog,analog
23,hektisch,telaşlı
24,ironisch,"ironik, alaycı"
25,unaufhaltsam,"durdurulamayan, amansız"
26,würdevoll,"ağırbaşlı, şerefli, zerafetli"
27,jemals,"hiç, bir gün"
28,wohingehen,iken
29,der Neid,"kıskançlık, haset"
30,die Priorität,öncelik
31,das Schicksal,kader
32,die Solidarität,dayanışma
33,gönnen,"çok görmemek, kabul etmek, kıskanmamak"
34,sich gönnen,"kendine bir zevk ya da tatil izni vermek, tadını çıkarmak"
35,missglücken,"başarısız olmak, suya düşmek"
36,missgönnen,"bir şeyi birine çok görmek, esirgemek, kıskanmak"
37,zerreden,konuşarak bastırmak
38,sich eine Sache bewusst machen,"kendini bir şey hakkında bilgilendirmek, bir şey hakkında farkında olmak"
39,bürgerschaftlich,kentsel
40,inwiefern,"ne dereceye kadar, ne yönden"
41,das Bewusstsein,"bilinç, farkındalık"
42,die Einsicht,"anlayış, idrak, algı"
43,der Misserfolg,başarısızlık
44,entschlüsseln,"kodunu çözmek, deşifre etmek (e.)"
45,entsorgen,"imha etmek, çöp toplamak ve yok etmek"
46,hacken,"doğramak, kesmek (h.)"
47,missachten,"ihmal etmek, hiçe saymak"
48,missfallen,"hoşnut etmemek, gücendirmek"
49,misslingen,"başarısız olmak, düşük yapmak"
50,missraten,"başarısız olmak, yanlış gitmek"
51,missverstehen,"yanlış anlamak, hata yapmak"
52,platzen,"patlamak, çatırdamak (p.)"
53,schiefgehen,"ters gitmek, başıboş dolaşmak"
54,verzweifeln,umutsuzluğa düşmek
55,zerdrücken,ezmek
56,zerfallen,"çürümek, ayrışmak (z.)"
57,zerfließen,eritmek
58,zergehen,"azalmak, çözmek (zerg.)"
59,zerhacken,"kıymak, kesmek (z.)"
60,zerkochen,fazla pişirmek (z.)
61,zerlaufen,"eritmek (tereyağı), akmak (dondurma)"
62,zerlegen,sökmek
63,zerplatzen,patlamak
64,zerreißen,"yırtmak, koparmak, sökmek"
65,zerschneiden,"kesmek, oymak"
66,zerspringen,"patlamak, kırılmak"
67,zerstreuen,"dağıtmak, saçmak"
68,die Anspielung,"ipucu, ima, nüans"
69,der Aufbruch,ayrılış
70,die Ballade,türkü
71,der Knast,hapishane
72,der Schiedsrichter,hakem
73,der Schwamm,sünger
74,der Touch,dokunma
75,wenn sich der Staub legt,"toz çöktüğünde (cümle), ortalık durulduğunda"
76,melancholisch,melankolik
77,der Zahn der Zeit,zamanın tahribatı (cümle)
78,deaktivieren,devre dışı bırakmak
79,dehydrieren,kurutmak
80,deinstallieren,kaldırmak
81,demotivieren,"demotive etmek, cesaretini kırmak"
82,destabilisieren,dengesizleştirmek
83,entgiften,"detoks yapmak, zehrini almak"
84,entkernen,çekirdeğini çıkarmak
85,entkleiden,"giysileri çıkarmak, soyunmak (ent.)"
86,entmutigen,"göz korkutmak, cesaret kırmak"
87,entsaften,suyunu çıkarmak
88,entzaubern,"büyüden kurtarmak, gözünü açmak"
89,entziehen,"mahrum etmek, elinden almak"
90,verspannt,"sinirli, gergin"
91,die Andeutung,"ipucu, isaret, ima"
92,das Drama,dram
93,die Imagination,hayal gücü
94,die Miene,"yüz ifadesi, cehre"
95,die Pointe,nükte
96,sich andeuten,belirtilmek
97,komponieren,oluşturmak
98,locken,cezbetmek
99,mithalten,"yetişmek, ayak uydurmak"
100,Aufmerksamkeit erfordern,dikkat istemek
101,jemandem auf die Schliche kommen,"birinin oyununu görmek, anlamak"
102,absurd,"saçma, akıl almaz"
103,episch,epik
104,die Kulturkritik,kültürel eleştiri
105,langatmig,"aşırı uzun, fazla ayrıntılı"
106,umwerfend,"çok etkileyici, çarpıcı"
107,eine Sache an sich,kendi başına bir sorun
108,jemandem Beachtung schenken,birine dikkat etmek
0,die Ausstattung,"ekipman, teçhizat, donatım"
1,die Durchsage,"duyuru, anons"
2,die Umgangsform,davranış tarzı
3,die Verzögerung,"gecikme, uzama"
4,die Betätigung,"faaliyet, operasyon"
5,der Einsatz,"kullanım, uygulama, bağlılık"
6,die Facette,"yön, taraf"
7,das Flair,atmosfer
8,der Hotelfachmann,otel memuru
9,die Hotelkaufleute,otel görevlileri
10,die Kreuzfahrt,deniz yolculuğu
11,der Page,"Komi, oteldeki misafirlerin valizlerini taşıyan kişi"
12,schwanken,dalgalanmak
13,etwas einen neuen Anstrich geben,yeni bir renk vermek
14,in der Lage sein,"yapabilir olmak, yeteneğe sahip olmak"
15,etwas von der Pike auf lernen,"en küçük ayrıntısına kadar öğrenmek, bastan aşağı öğrenmek"
16,einen neuen Weg einschlagen,yeni bir yola girmek
17,administrativ,idari
18,angehend,"gelecekteki, mustakbel"
19,reizvoll,"çekici, cazibeli"
20,derzeit,"şu anda, şimdilik (der.)"
21,hinter den Kulissen,sahne arkasında
22,das Attest,"doktor raporu, sertifika, onaylama (a.)"
23,das Büfett,büfe
24,der Rücktritt,"istifa, çekilme, ayrılma"
25,die Suite,süit
26,beinhalten,"içermek, kapsamak"
27,stilvoll,şık
28,der Kompromiss,uzlaşma
29,"der Ansicht sein, dass",... görüsünde olmak
30,zur Auswahl stehen,"seçilmeye müsait olmak, seçenek olmak"
31,Freude bereiten,"neşe getirmek, zevk vermek"
32,in Kauf nehmen,"kabul etmek, kabullenmek"
33,Schwierigkeiten bereiten,zorluklara neden olmak
34,zur Sprache kommen,"dile gelmek, ortaya çıkmak"
35,zur Verfügung stehen,hazır olmak
36,zur Verfügung stellen,"tahsis etmek, tedarik etmek (cümle)"
37,das Verständnis vertiefen,anlayışı derinleştirmek
38,Vorbereitungen treffen,"düzenlemeler, hazırlıklar yapmak"
39,in Vordergrund stehen,"önceliğe sahip olmak, ön planda olmak"
40,"es gilt, etwas zu tun",yapılması zorunlu olarak kabul edilir
41,abgelegen,"sapa, uzak"
42,fachkundig,"yetkili, ehil"
43,pauschal,"hepsi beraber, toptan (olarak)"
44,auf eigene Faust,kendi başına
45,das Schlagwort,slogan
46,seine Auswahl treffen,seçimini yapmak
47,eine Entscheidung treffen,"bir karar vermek, bir karara varmak"
48,etwas in Erfahrung bringen,öğrenmek
49,in Erfüllung gehen,"gerçekleşmek, gerçekleşmeye gelmek"
50,sich etwas zur Gewohnheit machen,bir şeyi alışkanlık haline getirmek
51,die Initiative ergreifen,inisiyatif almak
52,über Kenntnisse verfügen,bilgili olmak
53,an jemandem Kritik üben,eleştirmek
54,auf Kritik stoßen,"eleştiri ile karşılaşmak, eleştirilmek"
55,eine Lösung finden,bir çözüm bulmak
56,ein Thema zur Sprache bringen,bir konuyu gündeme getirmek
57,Verantwortung übernehmen,"üstlenmek, sorumluluk almak"
58,der Bogen,"eğri, kemer, yay"
59,der Erzeuger,üretici
60,der Kurpark,spa parkı
61,das Panorama,panorama
62,das Schuhwerk,ayakkabılar
63,das Trio,"üçlü, triyo"
64,der Überrest,artık
65,ausklingen,"solup gitmek, yavaş yavaş ölmek"
66,jemandem etwas nahebringen,"takdim etmek, tanıtmak"
67,verwöhnen,"şımartmak, yüz vermek"
68,auf die Probe stellen,test etmek
69,ausgleichend,denkleştirme
70,hautnah,"sıkı, çok yakın"
71,naturbelassen,"doğal, işlenmemiş"
72,das Andenken,"hatır, hatıra"
73,die Eule,baykuş
74,das Kalkül,"hesaplama, hesaplama yöntemi"
75,das Souvenir,hediyelik eşya
76,das Synonym,eşanlamlı sözcük
77,die Zuneigung,"eğilim, meyil, sempati"
78,erstehen,mal etmek
79,konservieren,"konserve yapmak, korumak"
80,nachvollziehen,kavramak
81,jemandem etwas untersagen,yasaklamak
82,enorm,"muazzam, engin"
83,geistige Umnachtung,sapıtma
84,der Impuls,"dürtü, darbe, nabız"
85,die Internetplattform,internet platformu
86,der Segeltörn,yelken gezisi
87,ausbauen,"genişletmek, uzatmak"
88,liebenswert,"sevimli, şirin"
89,nachhaltig,sürdürülebilir
0,der Bauer (Der Bauer muss einen Anbauplan für das nächste Jahr vorlegen. ),çiftçi
1,"die Eiszeit (Die Landschaften des Puula zeigen noch Spuren der Eiszeit, die vor 10.000 Jahren endete.)",buz devri
2,"die Fähigkeit (Talente sind die Fähigkeiten, die Sie von Geburt an besitzen.)",yetenek (fä.)
3,"die Fertigkeit (Fertigkeiten sind das Wissen, die Fachkenntnisse, die sich jemand angeeignet und bereits in der Praxis angewendet hat)",yetenek
4,die Geschickligkeit (Temperaturschwankungen. Schwindelgefühl. Verminderte Geschicklichkeit und motorische Fähigkeiten.),"beceri, yetenek, yaratıcılık"
5,der Jäger (Es sollte den Jäger des Kalmar angreifen.),avcı
6,"der Krieger (Die Jaffa sagen: "" Erhaben ist der Krieger, der einen Sieg ohne Schlacht erlangt. "")",savaşçı
7,das Mittelalter (Ein Erzähler des Mittelalters könnte das so deuten.),Orta Çağlar
8,der Ritter (Zusammen finden die Ritter das Schwert schon.),şövalye
9,der Sammler (Er arbeitet mit den Sammlern und Vermittlern in seiner Pyramide.),"toplayıcı, kolleksiyoncu"
10,der Siedler (Die Siedler der Narva-Kolonie wurden hohen Strahlendosen ausgesetzt.),"yeni yerleşen, sömürgeci"
11,die Steinzeit (Mit dem Beginn der Steinzeit kam derAufstieg einer neuen Spezies.),Taş Devri
12,die Vorsicht (Königen fehlt die Vorsicht der gemeinen Leute.),dikkat
13,existenziell (Müssen wir wirklich gerade jetzt jede existenzielle Frage beantworten?),varoluşsal
14,der Homo sapiens (Denken Sie an den Triumph des Homo sapiens über den NeandertaIer.),Homosapiens
15,die Kapazität (In dem Bericht wurde die Kapazität der Halle übertrieben.),kapasite
16,die Merkfähigkeit (Das Verständnis wird wiederum die Merkfähigkeit verbessern.),hafızada tutma kabiliyeti
17,"die Spezies (Die Spezies, die am besten flüchten kann.)","Türler, çeşit, cins"
18,"die Verfügbarkeit (Doch die Verfügbarkeit all dieses Wissens macht die Welt weder klüger, noch löst es ihre Probleme)",kullanılabilirlik
19,der Vorfahre (Helfen mir die Vorfahren in der Fabrik und beim Kredit?),ata
20,"das Wesen (Es ist sehr traurig, dass Sie das für das Wesen des Glaubens halten.)","varlık, tabiat (karakter)"
21,"abhängen von (Ich mag meine Freunde, denen ich von abhängen kann.)","bağlı olmak, bağımlı olmak"
22,"beeindrucken (Ich denke ich sollte mir überlegen, welche Art Frauen ich damit beeindrucken will)","etkilemek, izlenim bırakmak"
23,einstellen (Aufgrund seiner Zeugenaussage werde ich das Verfahren einstellen.),"durdurmak, ayarlamak, işe almak"
24,entgegenstehen (Ohne Beweise müssen wir ihren Aktionen entgegenstehen.),"karşı çıkmak, önlemek"
25,"schwinden (Meine Kraft schwindet und mit ihr meine Fähigkeit, Daisy zu verhüllen.)","solmak, gücü azalmak, sararmak"
26,"vererben (Versprich mir, diese prächtige Burg deinem Sohn zu vererben)",miras birakmak
27,abwärtsgehen (Irgendwas war da zerbrochen und es ist langsam und stetig nur noch abwärtsgegangen.),"yokuş aşağı gitmek, batmak"
28,"imstande sein (So müssen die Mitarbeiter imstande sein, die Waren zu sortieren.)","yapabilmek, bir şeyi yapabilecek durumda olmak"
29,"anschaulich (Diese liefern ein anschauliches Beispiel dafür, wie du das anwendest, was du sagst.)","açık, somut"
30,"ausgeprägt (Es wird ausgeprägter, wenn du älter wirst.)","belirgin, göze çarpan"
31,"eigenständig (Wir sahen sehr viele Familien, die eigenständig geworden sind.)","bağımsız, ayrı"
32,"erforderlich (Was ist heute erforderlich, um in Gottes Ruhe einzugehen?)","gerekli, zorunlu, lazım"
33,numerisch (Alle neuen Muster und numerische Überweisungen von allen Beträgen.),"sayısal, sayıca"
34,schlau (Er ist einfach zu schlau.),"akıllı, zeki, kurnaz"
35,allmählich (Unser heutiges Leben wird allmählich in Vergessenheit geraten.),"azar azar, git gide, gittikçe"
36,lediglich (Ich zahle lediglich Schulden ab und halte uns über Wasser.),"sadece, yalnızca"
37,hingehen (Du wirst für mindestens hundert Jahre nirgendwo hingehen),oraya gitmek
38,die Lerneinheit (Das ist das Ziel dieser Lerneinheit.),öğrenme birimi
39,"der Reflex (Erhöht die Reflexe, eliminiert die Angst.)",refleks
40,der Reiz (Der Reiz des komfortablen Lebens in Timgad zeigte seine Wirkung.),cazibe
41,die Rhetorik (Sparen wir uns die Rhetorik und kommen wir zur Sache),"belâgat, söz sanatı"
42,das Symbol (Das Symbol des eigenen Privilegs anzugreifen.),sembol
43,"der Vorsprung (Ich dachte, der Vorsprung würde reichen)","öncelik, avantaj"
44,jemandem etwas abverlangen (Ich muss Ihnen leider einiges abverlangen.),"talep etmek, istemek"
45,sich etwas einprägen (Wir sollten uns drei Punkte besonders einprägen),"ezberlemek, basmak, birinin aklına bir şeyi koymak"
46,fördern (In dieser Region fördert man wertvolle Mineralien.),"teşvik etmek, desteklemek"
47,"stabilisieren (Es wird eine Minute dauern, bis sich sein Kreislauf stabilisiert.)","stabilize etmek, istikrara kavuşturmak"
48,stimulieren (Es stimuliert elektrische Hirnaktivität.),"uyarmak, canlandırmak,"
49,"versäumen (Diese Brüder denken nicht einmal daran, die Zusammenkünfte zu versäumen!)","kaçırmak, ihmal etmek"
50,zuordnen (Können sie mich nicht etwas besserem zuordnen?),"eşleştirmek, tahsis etmek"
51,"sich sträuben (Sag mir, hat sie sich gegen dich gesträubt?)","dayanmak, direnmek, (saçı)diken diken olmak"
52,"sich mit etwas vertraut machen (Warum nicht am Studierabend etwas Zeit damit verbringen, sich mit den neuen Liedern für die Woche vertraut zu machen?)",alışmak
53,"großflächig (Ziemlich großflächiger Gewebeschaden vom Bruch, aber kaum innere Blutungen.)","geniş, yaygın, büyük, bol bol"
54,neulich (Der Film von neulich ist mir jetzt abgesagt worden.),"son zamanlarda, geçenlerde"
55,unbekannt (das ist mir nicht ganz unbekannt),"tanınmayan, bilinmeyen, meçhul"
56,"der Alzheimer (Ein Bewohner, der Alzheimer haben soll,..... wirkt sehr rüstig.)",Alzheimer hastalığı
57,das Gehirn (Das Gehirn und doch nicht das Gehirn.),beyin
58,"über eine Sache schlafen (Danach schlafen wir, gehen ins Kino, gehen in ein Restaurant, und werden nie wieder über die Sache sprechen.)","yastığına danışmak, karar vermeden önce bir gece düşün"
59,"umsetzen (Was Sie sagten, was aus ihnen würde, wenn wir nicht versuchten, das umzusetzen)","uygulamak, başka bir yere koymak"
60,unterschätzen (Es ist eine unterschätzte Stadt.),"küçümsemek, küçük görmek,değeri bilinmemek"
61,angespannt (Die Atmosphäre wurde immer angespannter und ich war ziemlich nervös.),"gergin, kaygılı"
62,der Vorsatz (Vielleicht ist das der Vorsatz den wir heute fassen sollten.),"niyet, maksat, çözüm"
63,der Betriebsrat (Melden Sie es dem Betriebsrat.),"iş konseyi, işçi temsilciliği"
64,die Eignung (Fehlt uns deswegen die Eignung?),"uygunluk, elverişlilik, yetenek(lilik)"
65,die Empathie (Sie müssen die Gabe der Empathie in Ihre Kraft lenken.),empati
66,"sich auseinandersetzen mit (Sie fragen nur, damit du ""gut"" sagst und sich nicht weiter mit dir auseinandersetzen müssen.)","karşı koymak, tartışmak, yüzleşmek"
67,"sich erweisen als (Was ich als Mut in dir erachtete, erweist sich als Dummheit.)",olduğu ortaya çıktı
68,"festhalten (Könnten Sie die Tür festhalten, bitte?)","(sıkı) tutmak, tutunmak, alıkoymak"
69,"etwas gelten lassen (Wenn du etwas unbedingt willst, lass ein Nein nicht gelten!)",kabul etmek
70,optimieren (Ich muss mein System optimieren.),optimize etmek
71,Gewicht legen auf (Größeres Gewicht legte man außerdem auf die Nacharbeit und auf Bibelstudien.),bir şeye önem vermek
72,"seinen Standpunkt vertreten (Glaubst du, der Herr mußte sterben, um seinen Standpunkt zu vertreten?)","bakış açısını temsil etmek, duruş sergilemek"
73,"von Vorteil sein (Denn das Licht, das für die Kunst von Vorteil ist, kann auch von Nachteil sein)",avantajlı olmak
74,etwas im Visier haben (Sie haben uns im Visier.),gözlemek
75,"adäquat (Ich möchte nicht, dass das Haus nicht adäquat repräsentiert wird.)","yeterli, uygun"
76,"aufwendig (Wie sieht es aus, wenn es sich eine große, aufwendige Hochzeitsfeier leisten kann?)",çok masraflı
77,"intellektuell (Ein Intellektueller, der seine Ideen der Geliebten erklären kan)","entelektüel, aydın"
78,"renommiert (Es war ein harter Wettbewerb, in diese renommierte Schule aufgenommen zu werden.)","ünlü, meşhur"
79,standardisieren (Zahllose Dinge in unserer Umgebung sind standardisiert.),"standardize etmek, standartlaştırmak"
80,alles in allem (Alles in allem kann man festhalten: Nicht alle Religionen führen zu Gott),"tümüyle, genellikle, hepsi bir arada"
81,die Antike (Das Wagenrennen genoss von allen Wettkampfarten in der Antike das größte Ansehen),"antika, eskiçağ"
82,die Belehrung (Die Belehrung des Menschen durch seinen himmlischen Vater war noch nicht abgeschlossen.),"öğrenim, bilgi, yönerge"
83,"die Verfremdung (Er sah dies als die Tragik des Kapitalismus, die Verfremdung des Arbeiters vom Produkt seiner Arbeit.)",yabancılaştırma
84,"die Fabel (Es scheint, sie kennt nicht die Fabel von der Geduld.)","masal, kıssa"
85,der Fuchs (Der Fuchs hat das Kaninchen erwischt?),tilki
86,"die Moral (Denk an die Moral der Männer, nicht nur an deine eigene.)","moral, etik"
87,jemandem schmeicheln (Versuch nicht mir zu schmeicheln),"pohpohlamak, tatlı söz ile kandırmak"
88,"jemandem überlegen sein (Das würde nämlich zeigen, dass ich ihm überlegen bin.)","üstün olmak, geçmek, üstünlük sağlamak"
89,jemandem etwas zuschreiben (Würde er das auch noch dem Zufall zuschreiben?),"atfetmek, birinin bir hareketini neden olarak göstermek, birine bir şeyi isnat etmek"
90,jemandem einen Spiegel vorhalten (Wir mussten uns selbst einen Spiegel vorhalten.),birine ayna tutmak
91,eitel (In dieser Geschichte herrscht also nicht immer eitel Sonnenschein),"kendini beğenmiş, boş, kurumlu"
92,"einfältig (Du bist so einfältig, wenn du deinen Willen nicht durchsetzen kannst.)","safdil, kolay inanan"
93,empört (ich bin empört!),"kızgın, öfkeli, içerlemiş"
94,gemein (Du bist ein echt gemeiner Kerl.),"alçak, adi, bayağı"
95,gutmütig (Manchmal ist Eddie ein bischen zu Gutmütig.),"iyi huylu veya hoşgörülü, iyi kalpli"
96,listig (Du bist ein listiger kleiner Junge),kurnaz
97,"naiv (Ich dachte immer, du bist so wunderbar naiv.)","saf, bön, budala"
98,"töricht (Wir aber sind hier, um uns gegen solch törichte Leidenschaft zu wappnen.)","ahmak, aptalca, akılsız"
99,"weise (Diese Erfahrung zeigt treffend, dass es nicht immer leicht ist, weise Entscheidungen zu treffen.)","bilge, akıllı"
100,die Requisite (Unser Entführer hatte also Zugang zu den Requisiten und der Garderobe im Studio.),"aksesuar, sahne elbisesi"
101,unmittelbar (Nichts ändert sich unmittelbar.),"doğrudan doğruya, hemen, doğruca"
0,"die Balance (Wer scheint mir im Nötigen die bessere Balance zu halten, wer scheint auch in sich selbst ausgeglichener?)",denge
1,"die Berufung (Nur solche Professoren haben bei der Berufung eine Chance, die den anderen nicht gefährlich werden können.)","atanma, tayin"
2,"hineinschnuppern (Er hat es schnell gelernt, hat auch immer stärker in den Vertrieb hineingeschnuppert.)","içine dalmak, kısa zamanda öğrenmek"
3,"schuften (Die Arbeiter schufteten die ganze Nacht, um den Auftrag fertigzustellen.)",ölesiye çalışmak
4,"die Ambition (Wie steht es um Ihre Ambitionen, mit Frankreich bei der WM zu spielen?)","hırs, ihtiras"
5,das Labyrinth (Trotz Stadtplanes verliert man sich leicht im Labyrinth zwischen schmalen weißgetünchten Häusern.),labirent
6,"die Renaissance (Und er hält den Zeitpunkt für gekommen, bestimmten Werten zu einer Renaissance zu verhelfen.)",Rönesans
7,"die Spitzenkraft (Die Spitzenkraft ist die größte Kraft, die während des Arbeitszyklus erreicht wird. )","üst düzey yönetici, zirve kuvvet"
8,der Universalist (Immer wieder gibt sich der Künstler als romantischer Universalist zu erkennen.),"evrenselci, çok yetenekli"
9,"der Wert (Auf Pünktlichkeit wird in Österreich, Deutschland und der Schweiz großen Wert gelegt.)",değer
10,ausrichten (Nach dem Meeting richteten wir die Stuhlreihen wieder aus.),"doğrultmak, sıraya sokmak, dizmek"
11,"ausrichten nach (Das bedeutet, dass sich alle weiteren Servos in dieser Gruppe nach diesem Hauptservo ausrichten, wenn die Synchronisation durchgeführt oder...)",yönelmek
12,"ausloten (Alles scheint wie neu ausgelotet bei diesem Quintett, es ist offenkundig auf einer Mission.)","iyice araştırmak, sondalamak"
13,nach streben (Jeder Schriftsteller strebt nach Ruhm.),emel beslemek
14,"sich widmen (Die Disziplinen, denen er sich widmen will, sind ihm wenigstens von der Schule her so weit vertraut, daß er weiß, womit er sich beschäftigen wird.)",kendini adamak
15,"brachliegen (Doch die frei werdende Fläche bleibt keineswegs brachliegen, sie wandert zum besseren Wirt.)","dinlendirmek, nadasa bırakmak"
16,"Macht es Ihnen etwas aus, wenn...? (Hey, macht es dir etwas aus, wenn ich mich heute Abend in deinem Büro für meinen Fernsehbericht umziehe?)",Sakıncası var mi?
17,"das Risiko begrenzen (Um das Risiko zu begrenzen, ist es zwingend nötig, die weiteren Beziehungen mit China weiter so transparent wie möglich zu gestalten.)",riski sınırlamak
18,"mit sich selbst im Reinen sein (Man kann nur dann ein gutes Leben haben, wenn es einem gelingt, mit sich selbst im Reinen zu sein.)",kendinle barış içinde olmak
19,jemandem über die Schulter sehen (Ich kann am Strand entlanglaufen und muss nicht ständig über die Schulter sehen.),omuz üzerinden bakmak (devamlı tetikte olmak)
20,erfüllend (Ich finde meinen Job höchst erfüllend.),tatmin edici
21,rational (Über allem aber waltet die rational zügelnde Kontrolle eines hoch entwickelten musikalischen Bewusstseins.),akılcı
22,simultan (Eine künstliche Darstellung überlagert dabei simultan die erlebte Wirklichkeit des Nutzers.),eşzamanlı
23,das Betriebsklima (Ich mag das offene Betriebsklima - mit einem Mann als Chef arbeitet es sich nicht so entspannt.),çalışma ortamı
24,"der Einwand (Wohl gemerkt, das soll kein Einwand sein gegen die einzelne Arbeiten.)","itiraz, tartışma"
25,die Honorierung (Eine solche Honorierung ist auch für aktive Leistungen der Landwirte im Klimaschutz und im Tierschutz zu entwickeln.),ödül
26,das Mitspracherecht (Aber biologische Väter haben keinerlei Mitspracherecht über ihr elterliches Schicksal.),"söz hakkı, ses"
27,der Spaßfaktor (Der Spaßfaktor sollte beim Fliegen ganz im Vordergrund stehen.),eğlence faktör
28,"das Start-up-Unternehmen (Prozent der Start-up-Unternehmen in der EU wurden von Personen gegründet, die arbeitslos waren.)",Start-up şirketi
29,"der Umgangston (Nochmals vielen Dank an die parlamentarischen Fraktionen für ihre Unterstützung, ihren Umgangston und ihre konstruktive Einstellung.)",konuşma tonu
30,düster (Einige dieser Abenteuer sind ein bisschen düster oder negativ.),kasvetli
31,die Abgabe (Vorrichtung zur Abgabe systemischer Wirkstoffe an Pflanzen und Verwendung derselben.),"ücret, katkı payı, geçiş ücreti"
32,die Anzeige (Diese Einstellungen werden ebenfalls für die Anzeige des LCD-Monitors verwendet.),duyuru
33,der Berufseinsteiger (Damit auch die Anforderungen an Berufseinsteiger.),"işe başlayan, kariyer sahibi"
34,das Gewerbe (Nichttarifäre Handelshemmnisse in der Landwirtschaft und im Verarbeitenden Gewerbe werden nicht berücksichtigt.),"ticaret, sanayi, meslek, sanat"
35,"die Lohnsteuer (Der Eingangssteuersatz liegt bei 10 %, Der Grundsteuersatz bei 22 % und der Höchstsatz der Lohnsteuer bei 44 %.)",bordro vergisi
36,die Migration (Während einer Migration werden riesige Datenmengen über das Netzwerk übertragen.),göç
37,der Minijobber (Werkstudenten oder Minijobber als Kundendienstmitarbeiter Inbound (m/w)),part-time çalışan
38,"die Sozialabgabe (Selbstverständlich würde niemand daran denken, die Nutzung von Digitalkameras zu verbieten oder eine Sozialabgabe auf deren Preis aufzuschlagen.)",sosyal sigorta primi
39,"zutreffen (Projektarbeitspakete löschen: Arbeitspakete können gelöscht werden, wenn bestimmte Bedingungen nicht zutreffen.)","doğru olmak, hak kazanmak, uygulamak"
40,geringfügig (Gus und Ich haben geringfügig schwerwiegendere Probleme im Moment.),hafifçe
41,die Abrechnung (Hinweis: Für die Abrechnung und die Bankkontodaten wird Ihr englischer Mitgliedsname verwendet.),"faturalandırma, uzlaştırma, kesinti"
42,der Abzug (Dieser Abzug verhinderte eine Doppelerfassung dieser Verkaufsmengen beim Gesamtverbrauch.),"ıskonto, kesinti"
43,"die Aushilfe (Ich bin Dexter, die von Ihnen angeforderte Aushilfe.)","geçici işçi, yardımcı işçi"
44,das Bruttoeinkommen (Was bleibt von Ihrem Bruttoeinkommen in Deutschland nach dem Steuerabzug übrig.),brüt gelir
45,das Entgelt (Bei Langstreckenflügen beträgt das Entgelt 80 EUR pro Strecke.),"karşılık, bedel, ücret"
46,die Fachkraft (Die Diagnose darf nur durch eine geschulte medizinische Fachkraft gestellt werden.),"uzman, yetenekli çalışan"
47,"der Freiberufler (Die Killer, die sind gewöhnlich Freiberufler.)",serbest çalışan
48,"die Gehaltsabrechnung (Wählen Sie die Lohn- und Gehaltsabrechnung, für die Sie Zahlungsanweisungsdaten erstellen möchten.)",maaş bordrosu
49,"die Gehaltserhöhung (Die Kommission hatte im November 2009 eine Gehaltserhöhung um 3,7 % vorgeschlagen.)",maaş artışı
50,der Gehaltszettel (Ich brauche ihre Gehaltszettel für die letzten zwei Jahre.),"makbuz, maaş bordrosu"
51,das Honorar (Mein Honorar wurde vor drei Jahren gestrichen.),ücret
52,"die Kirchensteuer (Die Kirchen erheben eine Kirchensteuer, die vom Staat eingezogen wird, um soziale Dienste zu finanzieren.)",kilise vergisi
53,der Nettolohn (Mein Nettolohn erlaubt mir so eine Robin-Hood-Sache ganz sicher nicht.),net maaş
54,"die Pflegeversicherung (Die Folge ist, dass der Grenzgänger in seinem Wohnsitzland keinen Anspruch mehr auf die Pflegeversicherung erheben kann.)",bakım sigortası
55,der Posten (Mir wurde ein Posten in einer aufstrebenden Internet-Firma angeboten.),"ürün, parti, görev"
56,das Repertoire (Zudem ist er ein angesehener Konzertsänger mit breiten Repertoire.),repertuar
57,"der Solidaritätszuschlag (Außerdem wird ein Solidaritätszuschlag in Höhe von 5,5% Ihrer Einkommensteuer erhoben.)",dayanışma vergisi
58,der Stundenlohn (Der durchschnittliche Stundenlohn beträgt 72 Reichspfennig.),saat ücreti
59,der Zuschlag (Erteilen Sie den Zuschlag für die nächste Position wie oben beschrieben.),"ek ücret, ihale, zam, ücret farkı"
60,"jemanden binden an (Wir müssen sicherstellen, dass diese Dinge in einer Ehe stimmen, bevor wir uns für immer an jemanden binden.)",birini bir şeye bağlamak
61,"einprägen (Er konnte gar nicht mehr anders, als sich das alles einzuprägen.)","basmak, iz bırakmak, birinin aklına bir şeyi koymak"
62,brutto (Der Manager schlug eine Gehaltserhöhung von fünf Prozent brutto vor.),brüt
63,gesetzlich (Das Produkt erfüllt die gesetzlichen Sicherheitsbestimmungen.),yasal
64,"netto (Du kriegst leicht drei Millionen netto, bloß für die Immobilie.)",net
65,die Attacke (Caspers letzte Attacke deckte eine Schwachstelle in der Architektur des Internets selbst auf.),saldırı
66,"der Choleriker (Ich hatte keine Ahnung, dass Kennedy ein Choleriker war.)",asabi
67,die Eventualität (Meine Männer wurden für jede Eventualität ausgebildet.),"olasılık, ihtimal"
68,das Memo (Bei meinem nächsten Einfall schreibe ich ein Memo.),"not, not alma kâğıdı"
69,"das Nervenwrack (Ich wäre längst ein Nervenwrack, wäre ich dem Druck ausgesetzt gewesen, den er in den vergangenen 14 Jahren ertragen hat. )",sinirsel enkaz
70,der Pedant (Als penibler Pedant ist er genau richtig in unserem Lager und Versand.),"müşkülpesent, titiz"
71,"die Selbstvermarktung (Man muss die genaue Zielgruppe für ein bestimmtes Produkt oder eine bestimmte Idee kennen, aber auch für die Selbstvermarktung. )","kendini pazarlama, kendini tanıtma"
72,der Trainee (Neun Monate zuvor war ich noch ein Trainee.),stajyer
73,der Versager (Sie bleiben als Beispiel für einen menschlichen Versager.),"kaybeden, başarısız kimse"
74,die Zeitbombe (Unter den Plänen der EU-Erweiterung tickt unbemerkt eine Zeitbombe.),saatli bomba
75,aufdrücken (Er musste allem seinen Stempel aufdrücken.),"damgalamak, basmak"
76,aufrunden (Aber ich würde den Zollsatz auch gerne auf 20 Prozent aufrunden.),yukarı yuvarlamak
77,abrunden (Können wir die 9 Cent vielleicht abrunden?),aşağı yuvarlamak
78,blenden (Sein Äußeres und sein Charme haben viele Menschen geblendet.),"gözlerini kamaştırmak, büyülemek"
79,brüllen (Das ganze Hotel hat ihn brüllen gehört.),"bağırma, kükreme"
80,"hasten (Eine Schande, so durch die Ausstellung zu hasten.)",acele etmek
81,jetten (Fünf Minuten später jettet ein Flugzeug mit dröhnenden Düsen über den Himmel.),uçmak
82,"lahmlegen (Wir gehen dieses Risiko ein, weil diese Operation die Kriegsmaschinerie des Feindes lahmlegen kann.)",felce uğratmak
83,"übertrumpfen (Da geht es ja auch darum, sich gegenseitig mit Zahlen zu übertrumpfen.)","aşmak, yenmek, üstün gelmek"
84,"wackeln (Lena hörte auf, im Rhythmus mit dem Kopf zu wackeln.)","sallanmak, oynamak"
85,"zelebrieren (Es kommt nicht oft vor, dass wir deutsche Kultur zelebrieren.)","anmak, kutlamak"
86,"zittern (Beinah hätten sie sich berührt, ihr Mund zitterte schon über seinem.)","titremek, ürpermek"
87,"Mist bauen (Doch wenn irgendjemand Mist baut, ist es Ihr Mist.)","işleri mahvetmek, hata yapmak"
88,es weit bringen (Einer wie Sie könnte es weit bringen in diesem Geschäft.),"uzağa gitmek, yükselmek"
89,es geht um... (Es geht um Leben und Tod.),hakkında
90,es handelt sich um (Es dürfte sich wohl um einen Irrtum handeln.),hakkında
91,"Nimm es leicht! (Nimm es leicht, aber nimm es.)",İşleri kolay al!
92,jemandem auf die Schulter klopfen (Sie werden sich gegenseitig auf die Schulter klopfen und den Sieg feiern.),sırtını birine dayamak
93,"es kommt darauf an (Ich weiß, es kommt darauf an, wie die Kurse im Moment stehen.)",bağlıdır
94,"es ernst meinen (Eins ist sicher, diese Leute meinen es ernst.)","ciddi olmak, işi ciddiye almak"
95,es gut meinen (Es gut meinen ist nicht genug.),iyi niyetli olmak
96,ohne Punkt und Komma reden (Herr Koizumi redet ohne Punkt und Komma.),kesintisiz konuşmak
97,"der Laden schmeißen (Eine gute Kreativabteilung ist wichtig, aber sie kann nicht den Laden schmeißen.)","iyi işlemesini sağlamak, her şeyi organize etmek"
98,"hart im Nehmen sein (Man muss hart im Nehmen sein, wenn man hier arbeitet.)",çok dayanıklı olmak
99,"es zu tun haben mit (Wissen Sie überhaupt, mit wem Sie es zu tun haben?)",başa çıkmak
100,"Worauf wollen Sie hinaus? (Bestimmt haben Sie schon verstanden worauf wir hinaus wollen: Es handelt sich einfach um eine Abfolge von Ausgangs-, Zwischen- und Endauswertung.)",Neyi hedefliyorsun?
101,"sich in die Länge ziehen (Situation und sind enttäuscht darüber, dass die Verhandlungen über das Abkommen mit Marokko sich so sehr in die Länge ziehen. )","uzadıkça uzamak, beklenenden uzun sürmek"
102,lässig (Außerhalb des Büros trage ich lässige Kleidung.),"rahat, kayıtsızca"
103,schamlos (Warum vergeuden Sie so schamlos meine Zeit?),utanmaz
104,stilistisch (Die haben stilistisch doch nur Wasser getreten.),"biçimsel, stilistik"
105,unberechenbar (Das macht ihn unberechenbar und gefährlicher.),öngörülemeyen
106,"das Exposé (Ich möchte, dass du jemand anderes dein Exposé schreiben lässt.)","izah etme, ortaya çıkarma"
107,"hochtalentiert (Sie sollten wissen, dass Ihr Sohn hochtalentiert ist.)",çok yetenekli
108,steinreich (Du müsstest bei deiner vielen Arbeit schon steinreich sein.),para babası
109,das Top (Das Top hat keine Ärmel.),üst
110,der Haufen (Ich muss heute einen Haufen Dinge erledigen.),"Yığın, küme"
111,die Hierarchie (Parteien auswählen und einer anderen Partei innerhalb der Hierarchie unterordnen.),hiyerarşi
112,die Unternehmenskultur (Langjährige Tradition ist ein wesentlicher Bestandteil unserer Unternehmenskultur.),şirket kültürü
0,"die Interpretation (Wenn true, die objektive Interpretation im Eingabefokus ignorieren.)",yorumlama
1,die Wirkung (Die Wirkung linderndes System eines umweltschädlichen Gasaustritts.),etki
2,das Atelier (Ihr Atelier wird sie im September beziehen.),"stüdyo, sanatçının atölyesi"
3,die Blockade (Dies führt zu einer Aufhebung der Rocuronium- oder Vecuronium-induzierten Blockade.),"ambargo, engelleme"
4,das Porträt (Es ist ein düsteres Porträt einer dystopischen Gesellschaft.),portre
5,die Vitalität (Reiki stimuliert die Vitalität und natürlichen Abwehrkräfte des Organismus.),canlılık
6,"der Bildhauer (Der Bildhauer, ich erzählte von ihm.)",heykeltıraş
7,die Leinwand (Kunst ist mehr als Pinselstriche auf Leinwand.),"perde, tuval"
8,der Meißel (Den Schweißflansch mit einem Meissel abhebeln.),"keski, kesici"
9,der Rahmen (Die Zeichnung wird als Rahmen im Workspace gespeichert.),çerçeve
10,die Skulptur (Das ist natürlich Rodins berühmteste Skulptur.),heykel
11,bearbeiten (Siteadministratoren können vorhandene IP-Filter auf Siteebene bearbeiten.),"işlemek, düzenlemek, düzeltmek"
12,bemalen (Auf dem Kriegspfad bemalen sie sich das Gesicht.),boyamak
13,bespannen (Saitenklemme für Maschine zum Bespannen eines Schlägers.),"takmak, örtmek"
14,"etwas spannen (Verfahren nach Anspruch 11, bei dem ferner der neue Reibbelag durch Nieten gesichert wird, ohne die Nieten zu spannen.)","germek, sıkmak"
15,vereinfachen (Sie können z.B. achsensymmetrische Modelle durch zyklische Symmetrie erheblich vereinfachen.),basitleştirmek
16,"vergolden (Verfahren zum Vergolden von bandförmigem Halbzeug, insbesondere für Leadframes.)",altınla kaplamak
17,"sich verhören (Ich dachte, ich hätte mich verhört.)","yanlış duymak, yanlış anlamak"
18,"sich verlaufen (Wenn Mei zum Krankenhaus wollte, muss sie sich verlaufen haben.)","kaybolmak, karışmak"
19,versäumen (Ich darf keinen einzigen Tag versäumen.),"kaçırmak, savsaklamak"
20,"verschönern (Die Kinder haben viele Ideen, wie sie ihre Meisterstücke schmücken und verschönern.)",güzelleştirmek
21,sich verwählen (Vielleicht hatte sie sich verwählt.),"yanlış çevirmek, yanlış numarayı çevirmek"
22,sich verwandeln (Die Raupe wird sich bald in einen Schmetterling verwandeln.),"değiştirmek, dönüşmek"
23,"jemandes Neugierde wecken (Wer die Neugierde wecken kann, hat gute Chancen: 74% der Befragten lesen Mailings bei Produkt-Interesse. 39% finden Werbung per Post informativ. )",birinin merakını uyandırmak
24,"unterirdisch (Andorianische Städte sind unterirdisch gebaut, wegen geothermischer Energie.)","yer altı, gizli saklı"
25,"vergnügt (Ich bin vergnügt, weil meine Freunde heiraten.)","neşeli, eğlenceli"
26,"verwirrt (Regina, alle sind verängstigt und verwirrt.)",şaşkın
27,die Avantgarde (Musik aus Zeichentrickfilmen spiegelt das Erbe einer Avantgarde.),"öncü, yenilikçi"
28,die Installation (Der Zielordner für diese Installation von Saba Web.),yükleme
29,die Kluft (Deshalb sollte die Überbrückung der Kluft höchste Priorität genießen.),"uçurum, yer yarığı"
30,der Kurator (Er war Kurator in einem britischen Museum.),"vekil, idareci, kayyum"
31,die Performance (Clustering bietet höhere Performance und Datenverfügbarkeit.),performans
32,"der Tribut (Wir werden einen Feldzug unternehmen, um diesen Tribut einzutreiben.)",haraç
33,der Winkel (Definiert beim Gewindefräsen den Winkel der spiralförmigen Wegfahrbewegung.),"köşe, açı, zaviye"
34,"der Zeitgeist (Die Förderung des elektronischen Geldes ist eine Investition in eine Entwicklung, die dem Zeitgeist entspricht.)",zamanın ruhu
35,angehen (Auch ein großes Mitgliedsland wird das jetzt mit großen Schritten angehen.),"başlamak, başvurmak, ilgilendirmek"
36,"was die Arbeit angeht (Ich muss nur auf der Hut sein, was die Arbeit angeht.)",iş ile ilgili
37,"dahinterstecken (Und Sie haben wirklich keine Ahnung, wer dahinterstecken könnte?)",arkasında olmak
38,"institutionalisieren (Dieses Vorgehen wird die Ineffizienz institutionalisieren, wofür keinerlei Rechtfertigung besteht.)",kurumsallaştırmak
39,"konzipieren (Vorab sollten Regierungen zielgerichtete, evidenzbasierte politische Strategien konzipieren und die Entwicklung solider Institutionen unterstützen.)",tasarlamak
40,platzieren (Sie können zwischen unterschiedlichen Körpern nur vordefinierte Verbindungssätze platzieren.),yerleştirmek
41,verbleiben (Alle anderen Dateien können im Verzeichnis verbleiben.),"kalmak, devam etmek"
42,"wirbeln (Sie wirbeln um die Kapsel, und sie leuchten ganz hell.)",girdap yapmak
43,jemandem einen Gefallen tun (Kannst du mir einen Gefallen tun und mir Toast aus dem Laden mitbringen?),birine bir iyilik yapmak
44,der Grundstein für etwas legen (Gleichzeitig müssen IT-Unternehmen den Grundstein für zukünftige Änderungen legen.),temelini atmak
45,"vertreten sein (Er vertritt meinen Schwiegervater, was bedeutet, dass er jetzt auch mich vertritt.)",temsil edilmek
46,"lateinisch (Ganz genau, Tim. Abgeleitet von pater - lateinisch für ""Vater"".)",Latin
47,trivial (Dann ist dein Leben genauso trivial wie deine Filme.),"yüzeysel, basit"
48,"der Nabel der Welt (Auenwald ist zwar nicht der Nabel der Welt, wenn es um interessante Immobilien geht. )",dünyanın merkezi
49,der öffentliche Raum (Innerhalb der postkolonialen Konzeption der kulturellen Übersetzung verliert der öffentliche Raum seinen autonomen politischen Status.),halka açık alan
50,der Durchbruch (Der Professor erzielte mit seiner neuen Theorie einen Durchbruch.),buluş
51,die Epoche (Der Untergang des Römischen Reiches war der Beginn einer neuen Epoche.),"çağ, yaş"
52,das Handout (Das Handout erleichterte die Übersicht der Themen.),bilgilendirme kağıdı
53,die Skizze (Verwendet eine Skizze zur Definition des Bohrlochprofils.),taslak
54,"das Urheberrecht (Texte, Bilder, Grafiken sowie Design dieser Seiten unterliegen weltweitem Urheberrecht.)",telif hakkı
55,"der Vorläufer (Gründung der Benno-Bolza-Stiftung, Vorläufer des heutigen Betrieblichen Vorschlagswesens.)",öncü
56,der Werdegang (Reden wir mal über Ihren Werdegang zum Abtreibungsarzt.),"kariyer, gelişim"
57,das Zitat (Wie wär's mit einem Zitat Ihres Lieblingsphilosophen?),alıntı
58,"der Zyklus (Dieser Zyklus muss genauso verlaufen, wie er war, sonst wäre der Reisende nie gekommen.)","döngü, dönem, devre"
59,zitieren (Der Lehrer zitierte aus dem Tagebuch des Autors.),alıntı yapmak
60,einen Überblick geben (Die Einführung gab einen Überblick über das Thema.),genel bakış atmak
61,"eine Linie ziehen (Um eine gerade Linie zu ziehen, brauche ich ein Lineal.)",düz çizgi çizmek
62,originell (Der ist übrigens nicht besonders originell.),orijinal
63,"der Galerist (Dort traf er auf den deutschen Händler Hans Neubert, ein bekannter Galerist in Deutschland.)",galeri sahibi
64,das Lehramt (Er studiert Deutsch und Englisch für das Lehramt an Gymnasien.),öğretmenlik
65,die Option (Innerhalb einer Variantenklasse kann nur eine Option gewählt werden.),seçenek
66,der Raumausstatter (Er ist Raumausstatter hier in L.A. Er hat einen Laden im Pacific Design Center.),iç mimar
67,der Sponsor (Der Sponsor bezieht sich gegebenenfalls auf etwaige frühere Anträge.),sponsor
68,das Verfahren (Verfahren zur Herstellung rohrförmiger Formteile aus Hochtemperatur-Supraleiter-Material.),"prosedür, süreç"
69,"nichts von jemandem halten (Ich möchte ehrlich sein und sagen, daß ich nichts von Grenzwerten halte. )","birisini veya bir şeyi onaylamamak, -i hiçe saymak"
70,"viel von jemandem halten (Ich sage dir, was ich von jemandem halte, der...)",e çok değer vermek
71,"wenig von jemandem halten (Von Medizin mag man wenig halten, und sie wirkt trotzdem. )",e az değer vermek
72,"nachahmen (Ich glaube, dass Kinder nachahmen, was sie im Fernsehen sehen.)",taklit etmek
73,"sich selbst überfordern (Nur weil Sie sich mit den ganzen humanitären Bemühungen selbst überfordern, und Sie ihre Suche nach einem Gegenmittel für die Hoffan Droge weiterführen.)","yapabileceğinden fazlasını istemek, aynı anda çok fazla şey yapmaya çalışmak"
74,vermarkten (Wir vermarkten deine Formel weltweit und werden reich.),pazarlamak
75,etwas außer Acht lassen (Einige Leute würden die Tatsachen außer Acht lassen.),"ihmal etmek, görmezden gelmek"
76,beeindruckt sein (Prinzessin Elena wird auf jeden Fall beeindruckt sein.),etkilenmek
77,"sich ein zweites Standbein zulegen (Neben dem reinen Werksverkehr hat sich die MEG mit dem Streckenverkehr ein zweites Standbein zugelegt, auf das heute rund 50 Prozent des Geschäfts entfallen.)",ek bir kazanç fırsatı edinmek
78,umfangreich (Das Dokument ist zu umfangreich für Word.),"muazzam, kapsamlı"
79,"der Staub (Der Staub fängt an, einige sensible Instrumente zu verstopfen.)",toz
80,"unaussprechlich (Sie tat etwas, das in unserer Gesellschaft unaussprechlich ist.)","tarif edilemez, açıklanamaz"
81,angucken (Ich wollte mir das kurz angucken.),gözden geçirmek
82,bewirken (Jeder der folgenden Gründe kann eine anomale Flußrate bewirken.),"bir şeye neden olmak, bir şeye etki etmek"
83,hinterlassen (Wir haben nachgeforscht: Gewisse Gifte hinterlassen keine Spuren.),geride bırakmak
84,verblüffen (Ihre Talente hören nie auf mich zu verblüffen.),"şaşırtmak, hayrette bırakmak"
0,die Akademie,"akademi, kolej"
1,das Design,tasarım
2,die Fachrichtung,"uzmanlık, çalışma alanı"
3,die Geographie,coğrafya
4,die Germanistik,Almanca çalışmaları
5,das Ingenieurwesen,mühendislik
6,Jura,hukuk (artikelsiz)
7,die Rechtswissenschaft,hukuk bilimi
8,die Konstruktion,"inşaat, yapı"
9,die bildende Kunst,"görsel sanatlar, grafik sanatlar, güzel sanatlar"
10,die Präferenz,tercih
11,das Prinzip,"prensip, ilke"
12,die Sozialarbeit,sosyal hizmet
13,die Sozialpädagogik,sosyal pedagoji
14,die Studienordnung,eğitim yönetmeliği
15,simulieren,"benzerini yapmak, taklit etmek"
16,gefragt sein,talep edilen
17,einen Streit schlichten,"bir tartışmayı yatıştırmak, uzlaştırmak"
18,im Mittelpunkt stehen,ilgi odağı olmak
19,fern,uzak
20,samt,"ile birlikte, birlikte"
21,zuliebe,uğruna
22,im weitesten Sinne,en geniş anlamıyla
23,die Bilanz,bilanço
24,die Eleganz,zarafet
25,der Enthusiasmus,"coşkunluk, heyecan"
26,der Feminismus,feminizm
27,die Kompetenz,"yeterlilik, uzmanlık"
28,die Konkurrenz,rekabet
29,die Periode,dönem
30,die Recherche,araştırma
31,die Resonanz,rezonans
32,der Sarkasmus,"acı ince alay, alay etme, alay, sarkazm"
33,der Volontär,gönüllü
34,sich auswirken auf,üzerinde etkisi olmak
35,sich etwas einfangen,bir şey yakalamak
36,einführen,"yavaşça içine sokmak, ithal etmek, yürütmek"
37,ergeben,"vermek, getirmek"
38,ermitteln,"bulmak, meydana çıkarmak"
39,etwas ans Licht bringen,"açığa çıkarmak, ortaya çıkarmak"
40,eine lange Leitung haben,"alımını yavaşlatmak, geç anlamak"
41,geschlechtlich,cinsel
42,die Ausführung,"gerçekleştirme, yürütme"
43,dozieren,ders vermek
44,der Frauenbeauftragte,kadın temsilcisi
45,das Geschlecht,cinsiyet
46,die Gleichstellung,eşitlik
47,die Orthographie,"yazım, imla"
48,die Publikation,yayın
49,der Schriftverkehr,"yazışma, mektuplaşma"
50,differenzieren,farklılaştırmak
51,referieren,rapor vermek
52,Es wird höchste Zeit!,zamanı geldi
53,einseitig,tek taraflı
54,fundiert,temelli
55,spezifisch,"özgül, bağıl"
56,öffentliche Einrichtung,"kamu kurumu, kamu binası"
57,der Ansprechpartner,"sorumlu kişi, ilgili kişi"
58,der Außenhandel,dış ticaret
59,der Austausch,"değiş tokuş, değiştirme"
60,die Belastung,"yük, ağırlık, zorlanma"
61,die Belästigung,"rahatsız etme, rahatsızlık, sarkıntılık"
62,die Besonderheit,"özellik, fevkaladelik"
63,der Bezug,"kılıf, zarf, referans, gönderme"
64,der Mentor,akıl hocası
65,die Perspektive,bakış açısı
66,der Studierende,Öğrenci
67,das Studium,"tahsil, öğrenim, araştırma"
68,der Bachelor,lisans
69,der Master,Yüksek lisans
70,der Überblick über,genel bakış
71,ein Referat halten,"bir konuşma yapmak, bir makale sunmak"
72,eine Vorlesung halten,"ders vermek, ders anlatmak"
73,sich wohlfühlen,"iyi hissetmek, rahat hissetmek"
74,schade sein,yazık olmak
75,anschaulich,"açık, somut"
76,verstörend,"tedirgin edici, rahatsız edici"
77,vertieft,"derin, ileri"
78,dementsprechend,"buna göre, demek ki, öyleyse"
79,die Äußerung,"ifade, beyanat"
80,der Lernstoff,"konu, mevzu, ana fikir"
81,die Mitschrift,"transkript, kayıt, yazılı not"
82,anfertigen,"imal etmek, yapmak"
83,jemandem einleuchten,"açık olmak, akla uygun gelmek, akıl erdirmek"
84,exzerpieren,"alıntı yapmak, çıkarmak"
85,zu einer Einigung kommen,bir anlaşmaya varmak
86,die Anekdote,anekdot
87,die Ansprache,"nutuk, söylev"
88,die Ausdrucksweise,ifade tarzı
89,das Potenzial,"potansiyel, yetenek"
90,das Statement,"beyan, açıklama"
91,ein Wort einfließen lassen,"araya sokmak, tesadüfen bahsetmek"
92,mit offenem Mund dasitzen,orada ağız açık oturmak (şaşırıp kalmış)
93,peinlich,utandırıcı
94,der Abstand,"mesafe, aralık, ara, fark"
95,die Brüstung,korkuluk
96,die Sekundärliteratur,"ikincil literatür (ders kitapları, dergiler, Birincil kaynakları yorumlayan ve analiz eden kaynaklar)"
97,anfassen,"dokunmak, ellemek"
98,antippen,"simgesine dokunmak, simgesine basmak, hafifçe vurmak"
99,schlendern,"(rahat rahat) dolaşmak, dolanmak"
100,expressiv,"anlamlı, dokunaklı"
101,interkulturell,kültürlerarası
102,mäßig,"ölçülü, ılımlı, orta"
103,reserviert,ayrılmış
104,tragfähig,"yaşayabilir, sürdürülebilir, kalıcı"
105,die Einschreibung,kayıt
106,das Stipendium,burs
107,posten,"göndermek, postalamak"
0,unvorhergesehen,beklenmedik
1,der Parasit,parazit
2,der Schmarotzer,sünger
3,der Tramper,otostopçu
4,die Utopie,ütopya
5,sich ausdrücken,kendini ifade etmek
6,sich nach etwas bemessen,bir şeye göre hesaplanmak
7,sich in etwas einbringen,bir şeyde rol oynamak
8,sanieren,"modernleştirmek, onarmak"
9,etwas bewusst machen,bilerek yapmak
10,jemanden in Verlegenheit bringen,utandırmak
11,sich mit etwas schwer tun,"gereğinden daha zor yapmak, zorlaştırmak"
12,auf Kosten anderer,pahasına
13,der Bezirk,"bucak, il, semt"
14,die Mahnung,"uyarı, ikaz, ihtar"
15,die Prävention,önleme
16,die Ratenzahlung,taksitle ödeme
17,die Schuldenfalle,borç tuzağı
18,die Wohlfahrt,refah
19,es geht um...,hakkında...
20,die Auflage,"yüküm, baskı"
21,die Verpflichtung,"yüküm(lülük), mecburiyet, borç, görev"
22,der Ausweg,"çıkar yol, çare"
23,der Betroffene,"etkilenen insanlar, ilgili kişiler"
24,der Gläubiger,"alacaklı, inanan, mümin"
25,die Insolvenz,iflas
26,der Schuldner,borçlu
27,das Verfahren,"prosedür, süreç"
28,die Verfassung,"durum, anayasa"
29,sich begeben,"başına gelmek, olmak, gitmek"
30,geraten,yolu düşmek
31,gut/schlecht geraten,başarıyla/başarısızlıkla sonuçlanmak
32,außer sich geraten,kendinden geçmek
33,sich überschulden,aşırı borçlanmak
34,jemandem zustehen,"hakkıyla ait olmak, layık olmak"
35,ansehen als,"saymak, olarak görmek"
36,sich gegenseitig bedingen,karşılıklı bağımlı olmak
37,sich wechselseitig bedingen,birbiriyle ilişkili olmak
38,Schiffbruch erleiden,"mahvolmak, başarısız olmak"
39,auf sich nehmen,"bir işi üstüne almak, kabul etmek"
40,abgesehen von,"...in dışında, hariç, ... bir yana"
41,betroffen sein von,etkilenmek
42,insolvent,iflas etmiş
43,außergerichtlich,"mahkeme dışında, kayıt dışı, yargısız"
44,aufgrund,"nedeniyle, yüzünden"
45,mangels,in bulunmadığından dolayı
46,zumal,"bilhassa, özellikle, hele çünkü"
47,der Boom,"patlama, yüksek konjonktür"
48,die Konjunktur,konjonktür
49,der Landwirt,çiftçi
50,der Mindestlohn,asgari ücret
51,die Prognose,tahmin
52,die Quote,oranı
53,das Wachstum,büyüme
54,prognostizieren,tahmin etmek
55,hiesig,"buralı, yerel, buradaki"
56,abseits,"...dışında, -in ötesinde, ofsayt"
57,ehemals,eskiden
58,mehrmals,defalarca
59,die Grundsicherung,temel gelir
60,einhaken,"takılmak, askıya asmak, kancalamak"
61,investieren in,yatırım yapmak
62,jemanden unterbrechen,birinin sözünü kesmek
63,jemanden ausreden lassen,birinin sözünü bitimesine izin vermek
64,obdachlos,"evsiz barksız, yersiz yurtsuz"
65,die Bankleitzahl,banka kod numarası
66,das Bargeld,nakit
67,die Behörde,"makam, resmi merci, resmi daire"
68,der Code,kod
69,der Dauerauftrag,sürekli ödeme talimatı
70,die Lastschrift,borç
71,der Transfer,transfer
72,die Währung,para birimi
73,der Zahlungsverkehr,ödeme işlemleri
74,die Ziffer,basamak
75,das Budget,bütçe
76,der Kanton,küçük eyalet
77,liegen bei,de olmak
78,geballt,"konsantre, kümülatif, yoğun"
79,erheblich,"önemli, büyük"
80,schätzungsweise,"tahminen, yaklaşık olarak, kabaca"
0,die Depression,depresyon
1,die Empathie,empati
2,die Individualität,"bireysellik, ferdiyet"
3,die Psychosomatik,psikosomatik
4,mit etwas zu tun haben,"bir şeyle ilgisi(ilişkisi) olmak, ele almak"
5,das Defizit,"noksan, açık"
6,der Gradmesser,gösterge
7,die Konstante,"sabit, mutlak terim (k.)"
8,der Parameter,parametre
9,die Resistenz,direnç
10,die Vernunft,"akıl, akıl sağlığı"
11,die Weisheit,bilgelik (w.)
12,sich abgrenzen von,"ayırt etmek, kendinden uzak tutmak"
13,etwas betrachten als,gibi bakmak
14,einschätzen,"tahmin etmek, kestirmek"
15,meistern,"usta olmak, (çok iyi) becermek, üstesinden gelmek"
16,schätzen,"tahmin etmek, saymak"
17,verkennen,"yanlış değerlendirmek, değerini anlamamak"
18,vermögen,"yapabilmek, -ebilmek"
19,wahrnehmen,"algılamak, farkına varmak, dikkat etmek"
20,sich zurechtfinden mit,"yolunu bulmak, yönünü belirlemek"
21,jemandem in den Sinn kommen,"aklına gelmek, hatırına gelmek"
22,intuitiv,sezgisel
23,der Gefühlsausbruch,duygusal patlama
24,der Impuls,"dürtü, momentum"
25,das Selbstwertgefühl,özsaygı
26,erlangen,"erişmek, ulaşmak, kavuşmak"
27,sich etwas gönnen,kendine bir şey için izin vermek
28,sich in jemanden hineinversetzen,kendini birinin yerine koymak
29,angebracht,"isabetli, yerinde, tavsiye edilebilir"
30,etwas im Griff haben,bir şeyinin püf noktasını bilmek
31,berufsmäßig,profesyonel
32,feindselig,düşmanca (f.)
33,gefühlsbetont,duygusal
34,gefühlsmäßig,duygusal yönden
35,ideell,"manevi, maddi olmayan"
36,kurzfristig,kısa dönem
37,langfristig,uzun dönem
38,reell,"gerçek, makul"
39,sensationell,sansasyonel
40,sensibel,hassas
41,virtuell,sanal
42,die Anziehungskraft,"çekicilik, çekim gücü"
43,der Rückschluss,"sonuç, netice"
44,das Temperament,mizaç
45,ausweichen,"kaçınmak, yol vermek"
46,ertappen,yakalamak
47,hinnehmen,"kabul etmek, hazmetmek, tolere etmek"
48,verbergen vor,"den gizlemek, saklamak"
49,jemandem aus dem Konzept bringen,birini şaşkına döndürmek
50,beschämend,"utanç verici, küçük düşürücü"
51,einfühlsam,"duyarlı, empatik"
52,gelegentlich,bazen
53,indiskutabel,"söz konusu olmayan, tartışılamaz"
54,rentabel,"kazançlı, verimli"
55,vertrauensselig,"inandırıcı, güvenilir"
56,vordergründig,yüzeysel
57,der Balken,"direk, kiriş"
58,der Freiraum,"özgürlük, boş alan"
59,modulieren,"modüle etmek, şekillendirmek, biçimlendirmek"
60,Ideen miteinander verknüpfen,"fikirleri birleştirmek, fikirleri bir araya getirmek"
61,beträchtlich,"önemli, büyük, dikkate değer"
62,die Symptomatik,semptom
63,jemanden bedrücken,"üzmek, bunaltmak"
64,sich einer Sache entscheiden,karar vermek
65,die Auffälligkeit,"ayırt edicilik, anormallik"
66,die Ausdauer,dayanıklılık
67,der Brennpunkt,odak noktası
68,die Feigheit,"korkaklık, yüreksizlik"
69,die Gewissenhaftigkeit,"dürüstlük, çalışkanlık"
70,die Hypnose,hipnoz
71,der Mut,cesaret
72,die Nachlässigkeit,"ihmalkârlık, ihmal"
73,die Psyche,ruh
74,die Psychoanalyse,psikanaliz
75,die soziale Schere,sosyal boşluk
76,das Schuldgefühl,suçluluk duygusu
77,das Umfeld,"çevre, ortam"
78,das Verhaltensmuster,davranış kalıpları
79,der Versprecher,dil sürçmesi
80,das Zeitalter,"devir, çağ"
81,auf jemanden ankommen,e bağlı olmak
82,belegen,"kanıtlamak, örtmek, döşemek, (derse) kaydolmak"
83,zu etwas beitragen,katkıda bulunmak
84,darlegen,"göstermek, ortaya koymak, açıklamak"
85,jemanden fesseln,"bağlamak, sarmak, büyülemek"
86,mit etwas zurechtkommen,"bir şeyin hakkından gelmek, biriyle iyi anlaşmak"
87,es zu etwas bringen,"herhangi bir yere, bir yere ulaşmak"
88,sich einfinden,(yere) ulaşmak
89,hinter die Kulissen schauen,perde arkasına bakmak
90,jemanden in die Lage versetzen,"birini bir şey yapacak pozisyona getirmek, birinin bir şeyler yapmasını sağlamak"
91,ausschlaggebend,"ağır basan, kesin sonuca etkisi olan"
92,eingefahren,yerleşik
93,provokant,kışkırtıcı
94,überholt,eskimiş
95,unbewusst,bilinçsiz
96,in etwas bestehen,bir şeyden oluşmak
97,veranschaulichen,"canlandırmak, somutlaştırmak, açıklamak, canlandırarak anlatmak"
0,der Entwurf,"taslak, karalama, tasarı, plan"
1,die Schiene,ray
2,die Vision,vizyon
3,das Abwasser,atık su; kanalizasyon
4,der Feinstaub,"ince parçacıklar, ince toz"
5,der Kollektor,toplayıcı
6,die Kommune,"belediye, konsey"
7,die Metropole,metropol
8,die Optik,optik
9,der Pionier,öncü
10,der Smog,dumanlı sis
11,die Solarzelle,"fotovoltaik hücre, güneş pili"
12,das Treibhausgas,Sera gazı
13,die Unmenge,"büyük miktar, dünya kadar"
14,die Urbanisierung,kentleşme
15,der Zustrom,"akın, üşüşme"
16,anlocken,"çekmek, cezbetmek"
17,appellieren,"seslenmek, temyize gitmek"
18,ausstopfen,doldurmak
19,entgegenwirken,"karşı koymak, karşılamak"
20,surren,vızıldamak
21,einspeisen,"enjekte etmek, beslemek"
22,die Grundlage für etwas bilden,temelini oluşturmak
23,innovativ,"yenilikçi, innovativ"
24,quirlig,"hayat dolu, coşkun"
25,ungebremst,"kontrolsüz, frensiz"
26,ungeklärt,"çözülmemiş, açıklanmamış"
27,andernfalls,aksi takdirde
28,"unter die Bedingung, dass",şartıyla
29,"im Falle, dass",durumunda
30,sofern,"eğer, şayet, sağlandıysa"
31,sonst,"yoksa, aksi halde, başka"
32,"vorausgesetzt, dass",şu şartla ki ...
33,das Beet,"pancar, yastık"
34,der Dilettant,acami
35,die Diversität,çeşitlilik
36,ansetzen,"eklemek, kararlaştırmak"
37,spießig,"dar görüşlü, darkafalı"
38,neuerdings,"geçenlerde, son zamanlarda, yine"
39,die Hektik,"acele, telaş"
40,sich von etwas fernhalten,"uzak durmak, kaçınmak"
41,anonym,anonim
42,sich etwas bewusst werden,bir şeyden haberdar olmak
43,dahingehend,bu etkiye
44,derartig,"bu gibi, böyle, bu tür"
45,womöglich,"mümkünse, belki"
46,die Bevölkerungsdichte,nüfus yoğunluğu
47,die Diskrepanz,"tutarsızlık, çelişki"
48,die Provinz,"il, vilayet"
49,die Siedlung,"yerleşim bölgesi, koloni"
50,die Sparkasse,tasarruf bankası
51,die Tristesse,üzüntü
52,die Wanderschaft,"gezinme, seyahat"
53,kreuzen,"kesmek, kavuşturmak, melezleştirmek"
54,auf etwas angewiesen sein,birine/bir şeye bağlı olmak
55,um etwas bemüht sein,kazanmak için zorlamak
56,dankbar für,için minnettar
57,erfahren in,"hakkında bilgili, deneyimli"
58,erfreut über,memnun
59,gespannt auf,"endişeli, gergin"
60,überzeugt von,"inanmış, ikna olmuş"
61,zufrieden mit,memnun
62,einen trockenen Humor haben,kuru bir mizah anlayışına sahip olmak
63,eine spitze Zunge haben,keskin bir dile sahip olmak
64,kurzweilig,eğlenceli
65,zurzeit,şu anda
66,der Aussteiger,itirafçı
67,der Eigenbedarf,"şahsi ihtiyaç, kişisel ihtiyaç"
68,das Glasfasernetz,fiber optik ağ
69,die Nutzfläche,"etki alanı, kullanılabilir alan"
70,die Schlosserwerkstatt,çilingir dükkanı
71,die Schneiderei,terzi dükkanı
72,die Urkunde,"belge, senet, sertifika"
73,der Vorstand,"yönetim kurulu, başkan"
74,die Ziege,keçi
75,los sein,bir şeyden kurtulmak
76,alternativ,alternatif
77,belästigt,taciz
78,obschon,"rağmen, olsa da"
79,obgleich,"rağmen, olsa da"
80,ungeachtet,"e bakmayarak, -e rağmen"
81,die Linde,ıhlamur ağacı
82,der Blickkontakt,göz teması
83,die Jury,jüri
84,der Kontrahent,"rakip, karşı taraf"
85,etwas ausführen,gerçekleştirmek
86,etwas behaupten,iddia etmek
87,etwas erwidern,"karşılık vermek, cevap vermek"
88,als etwas fungieren,"gibi davranmak, olarak çalışmak"
89,hinterfragen,dikkatle incelemek
90,nicken,başını sallamak
91,präzisieren,"belirlemek, daha kesin tanımlamak"
92,ein Argument anbringen,taşı gediğine koymak
93,angemessen,uygun
94,schlagendes Argument,zorlayıcı argüman
95,stichhaltig,inandırıcı
96,beziehungsweise,"yahut, daha doğrusu"
97,respektive,sırasıyla
98,vielmehr,"tam aksine, bilakis"
0,der Ausspruch,"söz, alıntı"
1,der Schmetterling,kelebek
2,ahnen,sez(inle)mek
3,die Erkenntnis,"bilgi, anlama"
4,die Fantasie,hayal gücü
5,die Frustration,"hüsran, düş kırıklığı"
6,die Intensität,"yoğunluk, şiddet"
7,der Irrtum,"hata, yanlış(lık)"
8,die Kreativität,yaratıcılık
9,der Literat,"edebi figür, yazar"
10,die Manipulation,manipülasyon
11,die Naivität,saflık
12,der Philosoph,filozof
13,die Philosophie,felsefe
14,der Reichtum,"zenginlik, servet, varlık"
15,der Ruhm,"şan, şöhret"
16,die Spekulation,"spekülasyon, varsayım"
17,der Untergang,"batma, çökme"
18,der Verrat,"ihanet, hainlik"
19,der Zugang,"erişim, giriş, geçit yolu"
20,beiwohnen,hazır bulunmak
21,eintauchen,banmak
22,empfinden,"hissetmek, görmek, (öyle) bulmak"
23,versinken,batmak
24,etwas als... abtun,umursamamak
25,Es ist die Rede von...,konuşuluyor ...
26,auf Anhieb verstehen,hemen anlamak
27,präzise,"doğru, kesin"
28,pur,saf
29,restlos,tamamen
30,süchtig,bağımlı
31,winzig,ufacık
32,zugleich,aynı zamanda
33,die Auslegung,"yorum, tefsir"
34,der Gegenspieler,rakip
35,der Handlungsstrang,"hikayesi, konusu"
36,die Identität,kimlik
37,die Lektüre,"okuma, okuma materyali"
38,die Lesart,"okuma, yorumlama, uyarlama"
39,der Plot,arsa
40,der Protagonist,baş kahraman
41,der Schauplatz,"mekan, sahne"
42,der Spannungsbogen,"merakla bekleme, endişe"
43,agieren,"çalışmak, oynamak, yapmak"
44,sich ansiedeln,"yerleşmek, kolonileştirmek"
45,etwas auslegen,yorumlamak
46,jemanden in den Bann ziehen,büyülenmek
47,identitätsstiftend,kimlik-kurulması
48,stimmig,tutarlı
49,die Belletristik,kurgu
50,der Bestseller,çok satan
51,sich auszeichnen durch,ile karakterize edilmek
52,erscheinen,"görünmek, belirmek"
53,jemandem etwas ans Herz legen,birine bir şeyi hararetle tavsiye etmek
54,die Effizienz,verimlilik
55,die Panik,panik
56,bedauern,pişman olmak
57,schildern,"betimlemek, tarif etmek"
58,jemandem Vorhaltungen machen,birine saldırgan bir şekilde ders vermek
59,gehemmt,tutuk
60,genussorientiert,rahatına düşkün
61,hemmungslos,"kendini tutamayan, frensiz"
62,hinterhältig,sinsi
63,schüchtern,"utangaç, mahcup"
64,sorgfältig,titiz
65,spurlos,izsiz
66,treffend,uygun
67,unberechenbar,öngörülemeyen
68,verkrampft,sıkışık
69,verunsichert,"belirsiz, güvensiz"
70,währenddessen,o sırada
71,woraufhin,bunun üzerine
72,die Adaption,adaptasyon
73,die Bebilderung,örnekleme
74,die Dramaturgie,"dramaturji, drama sanatı"
75,die Einmischung,"müdahele, karışma"
76,sich in etwas einmischen,bir şeye karışmak
77,der Einfall,(ani) fikir
78,das Gedicht,şiir
79,der Klang,"ton, nağme"
80,die Silbe,hece
81,der Vers,"mısra, dize"
82,abschließen,"sonuçlandırmak, tamamlamak"
83,knien,diz çökmek
84,sich reimen,kafiye yapmak
85,wiederkehren,"tekrar etmek, dönmek"
86,sich gut halten,iyi yaşlanmak
87,kompatibel,uyumlu
88,die Inspiration,ilham
89,die Phase,faz
90,der Verlag,yayınevi
91,der Vorzug,"tercih, fayda"
92,zwecks,... amacıyla
0,die Entscheidungsfindung,karar verme
1,die Intention,niyet
2,das Regelwerk,"kurallar kümesi, kurallar, politika"
3,der Schock,şok
4,das Statussymbol,statü sembolü
5,die Tagesordnung,gündem
6,etwas ausmerzen,"yok etmek, silmek"
7,an etwas grenzen,"sınırdaş olmak, bitişik olmak."
8,sich seine Chancen verderben,şansını mahvetmek
9,klarmachen,"açıklamak, netleştirmek"
10,einen Fehler begehen,hata yapmak
11,viel Wert liegen auf,çok değer vermek
12,wenig Wert liegen auf,az değer vermek
13,arrogant,kibirli
14,bescheiden,"mütevazı, alçak gönüllü"
15,ersichtlich,"açık, belirgin"
16,gründlich,özenle
17,minutiös,kılı kırk yaran
18,pragmatisch,pragmatik
19,ruppig,kaba
20,wesentlich,"esaslı, çok önemli"
21,demnach,"öyleyse, bu nedenle"
22,demzufolge,"bu nedenle, buna göre"
23,"derartig, dass",öyle ki
24,infolge,"...nedeniyle, ...yüzünden"
25,infolge von,nedeniyle
26,infolgedessen,sonuç olarak
27,solch ein,"böyle bir, filanca"
28,weshalb,bu yüzden
29,weswegen,bu yüzden
30,individualistisch,bireysel
31,der Kollektivist,kolektivist
32,sogenannt,"sözde, yaygın olarak adlandırılan"
33,im Nachhinein,"sonradan, ondan sonra"
34,das Outfit,"giyim/kuşam, teçhizat"
35,jemanden von etwas ablenken,dikkatini dağıtmak
36,gelten als,"olarak kabul edilmek, addedilmek"
37,gedeckte Farben,yumuşak renk tonları
38,leger,rahat (giyim)
39,Es ist ein Muss,"bir zorunluluktur, bir esastır"
40,im Zweifel,kuşku halinde
41,die Etikette,"protokol, teşrifat"
42,die Hilfsbereitschaft,yardımseverlik
43,der Ranghöhere,yüksek rütbeli kişi
44,der Rangniedere,düşük rütbeli kişi
45,sich einer Erneuerung erfreuen,yenilenmenin tadını çıkarmak
46,niesen,hapşırmak
47,sich an etwas orientieren,yönlendirilmek
48,repräsentieren,temsil etmek
49,strapazieren,aşındırmak
50,mit jemandem Rücksprache halten,danışmak
51,einen positiven Eindruck hinterlassen,olumlu bir izlenim bırakmak
52,einen negativen Eindruck hinterlassen,olumsuz bir izlenim bırakmak
53,genau richtig liegen,doğru hedefte olmak
54,viel Aufheben machen von,"hakkında yaygara koparmak, mesele çıkarmak"
55,erwünscht,"istenilen, beğenilen"
56,unverschämt,"utanmaz, arsız"
57,zaghaft,"ürkek, çekingen"
58,in Maßen,aşırıya kaçmadan
59,immerhin,"buna rağmen, hiç olmazsa"
60,die Hypothese,hipotez
61,erarbeiten,çalışarak elde etmek
62,eröffnen,açmak
63,reformieren,reform yapmak
64,reintegrieren,yeniden entegre etmek
65,revidieren,"revize etmek, değiştirmek"
66,ernüchtert,hayal kırıklığına uğramış
67,das Forum,"forum, panel"
68,der Intellekt,"akıl, beyin gücü"
69,die Irritation,"tahriş, sinirlendirme"
70,die Reibung,sürtünme
71,beibehalten,"korumak, alıkoymak"
72,erschweren,"ağırlaştırmak, zorlaştırmak"
73,punkten,puan vermek
74,widerspiegeln,yansıtmak
75,mit sich bringen,"gerektirmek, bir şeye neden olmak"
76,über etwas entsetzt sein,dehşete düşmek
77,mittels,"... Sayesinde, aracılığıyla"
78,die Ablöse,"devir ücreti, tazminat"
79,anerkennen,tanımak
80,etwas einbauen,monte etmek
81,um etwas pokern,poker oynamak
82,sich nach etwas richten,bir şeye uymak
83,notfalls,başka çare yoksa
84,die Rezension,"tenkit, eleştiri"
85,der Small Talk,küçük konuşma
86,der Trainer,"eğitmen, koç"
87,durch die Hintertür,arka kapıdan
88,konsequent,"tutarlı, sebatlı"
89,quasi,"adeta, sanki"
0,der Modellbau,model yapımı
1,fernsteuern,uzaktankomutlamak
2,der Atem,nefes
3,der Bruchteil,kesir
4,die Drohne,erkek arı
5,der Finalist,finalist
6,die Frequenz,frekans
7,die Geste,"jest, işaret"
8,die Prothese,"protez, yapay uzuv"
9,das Unterfangen,çaba
10,sich beruhigen,sakinleşmek
11,sich herausstellen,"meydana çıkmak, anlaşılmak"
12,ins Spiel kommen,oyuna girmek
13,anschmiegsam,"yumuşak, şefkatli"
14,beträchtlich,"dikkate değer, epey, önemli"
15,eigenhändig,kendi eliyle
16,erfinderisch,"icatcı, yaratıcı"
17,fieberhaft,ateşli
18,unvergleichlich,"eşsiz, benzersiz"
19,rundum,"her yönden, tamamen"
20,angesichts,"...ışığında, ...görünümünde"
21,anlässlich,... dolayısıyla
22,hinsichtlich,... Bakımından
23,mithilfe von,...yardımı ile
24,oberhalb,...in yukarısında
25,ungeachtet,"...e rağmen, ...e bakmayarak"
26,unweit,"...in yakında, ...in civarında"
27,der Antrieb,"harekete geçirme, teşvik, motivasyon"
28,der Behälter,"konteyner, kap"
29,das Gut,"mal, mülk, eşya"
30,das Patent,patent
31,das Rauschgift,uyuşturucu (madde)
32,der Scanner,tarayıcı
33,der Sprengstoff,patlayıcı madde
34,die Trefferquote,isabet oranı
35,auslösen,tetiklemek
36,durchschreiten,bir şeyden geçmek
37,erteilen,vermek
38,großschreiben,büyük harflerle yazmak
39,kostenpflichtig,ücretli
40,potenziell,potansiyel
41,umsetzbar,"mümkün, uygulanabilir, gerçekleştirilebilir"
42,gegebenenfalls,"gereğince, icabında"
43,der Eingriff,"müdahale, karışma"
44,die Evolution,evrim
45,das Experimentierstadium,deneysel aşama
46,Grenzen setzen,sınırları belirlemek
47,Grenzen überschreiten,sınırları aşmak
48,gentechnisch,genetik
49,die Erbsubstanz,kalıtsal madde
50,die Errungenschaft,kazanım
51,das Gen,gen
52,mit etwas umgehen,uğraşmak
53,zu etwas verhelfen,birine bir şeyi elde etmesi için yardımcı olmak
54,zum Einsatz kommen,"eyleme geçmek, kullanılmak"
55,jemandem ins Handwerk pfuschen,birinin zanaatına / uzmanlığına müdahale etmek
56,umstritten sein,"tartışmalı, kavgalı"
57,sich einer Behandlung unterziehen,tedavi görmek
58,im Wege stehen,"birinin yolunda durmak, birine engel olmak"
59,genetisch,genetik
60,strittig,tartışmalı
61,das All,"hepsi, evren"
62,das Weltall,"evren, kosmos"
63,der Android,android
64,die Mimik,mimik
65,das Modul,modül
66,der Proband,"deneme, deneye tabi"
67,der Raumfahrer,uzay gezgini
68,der Roboter,robot
69,der Sensor,"sensör, algılayıcı"
70,ausrüsten mit,donatmak
71,formen,biçimlendirmek
72,suggerieren,"önermek, telkin etmek"
73,autistisch,otistik
74,dunstig,"buğulu, dumanlı (d.)"
75,finster,"karanlık, asık"
76,humanoid,insansı
77,kaltblütig,soğuk kanlı
78,stumm,"dilsiz, sessiz"
79,gewissermaßen,"adeta, sanki"
80,das Reagenzglas,test tüpü
81,durch etwas durchlaufen,bir şeyden geçmek (çapraz)
82,Phasen durchlaufen,aşamaları geçmek
83,in andere Hände übergehen,el değiştirmek
84,etwas übergehen,"geçmek, atlamak"
85,überspringen,üstünden atlamak
86,etwas überspringen,atlamak
87,übertreten,"izinsiz girmek, ihlal etmek"
88,zu eine andere Religion übertreten,başka bir dine geçmek
89,eine Regel übertreten,bir kuralı ihlal etmek
90,umfahren,"baypas etmek, atlatmak"
91,eine Baustelle umfahren,bir alanı atlatmak
92,umschreiben,"yeniden yazmak, başka kelimelerle açıklamak"
93,einen Text umschreiben,metni başka kelimelerle yeniden yazmak
94,ein unbekanntes Wort umschreiben,bilinmeyen bir kelimeyi tanımlamak
95,jemanden unterhalten,finansal olarak desteklemek
96,durchdrungen,"nüfuz, yayılmış"
97,die Norm,"norm, kural, standart"
98,der Rohstoff,"emtia, ham madde"
